{
  "product": "Roofing Services",
  "audience": "Homeowners and property managers",
  "value_props": [
    "High-quality roofing materials",
    "Expert installation and repair services",
    "Competitive pricing",
    "Timely project completion",
    "Comprehensive warranties"
  ],
  "proof_points": [
    "Licensed and insured contractors",
    "Positive customer testimonials",
    "Years of experience in the roofing industry",
    "Use of advanced technology in roofing solutions"
  ],
  "tone_guess": "witty"
}