{
  "script": "Need a new roof? We've got you covered! Truline Roofing: Your local experts. Quality service, unbeatable prices! Don't wait, protect your home today. Call now for a free estimate!",
  "length_sec": 15,
  "style": "witty documentary realism",
  "voice": "confident American male",
  "music": "cinematic, modern",
  "sfx": [
    "subtle whooshes",
    "light ambience"
  ],
  "visuals": [
    "Roof installation",
    "Happy homeowners",
    "Tools and materials",
    "Before and after shots",
    "Truline logo",
    "End card with logo and CTA: Call Now"
  ],
  "brand_assets": {
    "logo_url": "",
    "color_hint": "steel gray"
  },
  "output": {
    "format": "mp4",
    "aspect": "9:16"
  }
}