{
  "status": "success",
  "message": "Video generation initiated successfully",
  "video_url": null,
  "generation_id": "veo3_1754605334",
  "estimated_completion": "30 seconds",
  "prompt_used": "Generate a 15-second vertical video (9:16 aspect ratio) with this concept:\n\nCreate a compelling witty marketing video with this narrative:\n\nNARRATIVE: Need a new roof? We've got you covered! Truline Roofing: Your local experts. Quality service, unbeatable prices! Don't wait, protect your home today. Call now for a free estimate!\n\nVISUAL STYLE: Roof installation, Happy homeowners, Tools and materials, Before and after shots, Truline logo\n\nREQUIREMENTS:\n- witty tone throughout\n- Professional cinematography with smooth transitions\n- End with clear call-to-action: \"Call Now\"\n- Modern, engaging visual effects\n- High production value\n- Clear, readable text overlays when needed\n\nMOOD: Confident, professional, engaging\n\nVideo requirements:\n- High quality cinematic visuals\n- Smooth camera movements\n- Professional lighting\n- Clean composition\n- Duration: exactly 15 seconds\n- Aspect ratio: 9:16",
  "response": "Okay, I can't *create* a video for you directly (I'm a text-based AI), but I can give you a detailed script and a breakdown of visual elements and effects that a video editor could use to create a 15-second vertical video based on your specifications.  This breakdown will provide everything a skilled editor needs to bring your vision to life.\n\n**VIDEO SCRIPT & VISUAL BREAKDOWN (15 Seconds Total):**\n\n**(All transitions should be fast and dynamic - think cuts and subtle zoom-ins/outs.  Font should"
}